{"is_source_file": true, "format": "Dart", "description": "This Dart source file defines a Flutter widget for editing notes. It includes a stateful widget 'NoteEditorScreen' that provides UI for creating and editing notes, managing text controllers, and interacting with a provider for persistent storage.", "external_files": ["../models/note.dart", "../providers/notes_provider.dart", "../theme/app_theme.dart"], "external_methods": ["context.read<NotesProvider>()", "ScaffoldMessenger.of(context).showSnackBar", "Navigator.of(context).pop()"], "published": ["NoteEditorScreen", "_NoteEditorScreenState"], "classes": [{"name": "NoteEditorScreen", "description": "A StatefulWidget that provides UI for creating or editing a note."}, {"name": "_NoteEditorScreenState", "description": "State class managing the UI and logic for NoteEditorScreen, including text controllers, save operation, and UI updates."}], "methods": [{"name": "initState", "description": "Initializes text controllers with note data if available, and sets pin status."}, {"name": "dispose", "description": "Disposes of the text controllers when the widget is removed."}, {"name": "_save", "description": "Asynchronous method to save the note, either creating a new one or updating existing, with validation and user feedback."}, {"name": "build", "description": "Builds the UI, including AppBar with actions and text fields for title and content."}], "calls": ["context.read<NotesProvider>()", "ScaffoldMessenger.of(context).showSnackBar", "Navigator.of(context).pop()"], "search-terms": ["NoteEditorScreen", "Note", "NotesProvider", "note creation", "note editing", "TextEditingController", "save note", "Flutter note editor"], "state": 2, "file_id": 26, "knowledge_revision": 58, "git_revision": "", "hash": "beda8263dcf39a37542300ebfcec484a", "format-version": 4, "code-base-name": "notes_frontend", "filename": "notes_frontend/lib/screens/note_editor_screen.dart", "revision_history": [{"58": ""}]}