{"is_source_file": true, "format": "Dart", "description": "Defines an immutable Note model class with properties for id, title, content, timestamps, and pin status, along with utility methods for copying, serialization to database map, and deserialization from database map.", "external_files": ["package:flutter/foundation.dart"], "external_methods": ["DateTime.fromMillisecondsSinceEpoch"], "published": ["Note"], "classes": [{"name": "Note", "description": "An immutable data class representing a note with properties for id, title, content, timestamps, and pin status, including methods for copying and database serialization."}], "methods": [{"name": "copyWith", "description": "Creates a new instance of Note, optionally replacing specified fields."}, {"name": "toDbMap", "description": "Serializes the Note object to a Map suitable for database storage."}, {"name": "fromDbMap", "description": "Constructs a Note object from a Map retrieved from the database."}], "calls": ["DateTime.fromMillisecondsSinceEpoch"], "search-terms": ["Note class", "immutable model", "toDbMap", "fromDbMap", "copyWith", "millisecondsSinceEpoch", "note model", "notes_frontend"], "state": 2, "file_id": 19, "knowledge_revision": 51, "git_revision": "", "hash": "afc51aa7bbcd3070ff5e9c681052b6f0", "format-version": 4, "code-base-name": "notes_frontend", "filename": "notes_frontend/lib/models/note.dart", "revision_history": [{"51": ""}]}