{"is_source_file": true, "format": "Dart", "description": "A Flutter widget named EmptyState that displays a centered icon, title, and message for empty or error states.", "external_files": ["package:flutter/material.dart"], "external_methods": ["Theme.of(context)", "TextTheme.titleLarge", "TextTheme.bodyMedium", "ColorScheme.primary", "ColorScheme.onSurface"], "published": [], "classes": [{"name": "EmptyState", "description": "A stateless widget used to display an empty state with an icon, title, and message."}], "methods": [{"name": "build", "description": "Builds the widget tree for the EmptyState widget."}], "calls": ["Theme.of(context)", "Theme.of(context).textTheme.titleLarge?.copyWith", "Theme.of(context).textTheme.bodyMedium?.copyWith", "Colors.black.withAlpha", "Colors.primary", "Icons.note_alt_outlined"], "search-terms": ["EmptyState", "Flutter empty state widget", "empty icon message", "StatelessWidget", "empty state decoration"], "state": 2, "file_id": 40, "knowledge_revision": 85, "git_revision": "", "hash": "a36e6953ab9565f6397801041ae2ae81", "format-version": 4, "code-base-name": "notes_frontend", "filename": "notes_frontend/lib/widgets/empty_state.dart", "revision_history": [{"85": ""}]}