{"is_source_file": false, "format": "", "description": "", "external_files": [], "external_methods": [], "published": [], "classes": [], "methods": [], "calls": [], "search-terms": [], "state": 2, "file_id": 16, "knowledge_revision": 36, "git_revision": "71d90e32b08c7464edc7fc11c1c5ea8998c2f987", "hash": "ac1dad6fec40014c3c6cbbd849a880dc", "format-version": 4, "code-base-name": "notes_frontend", "filename": "notes_frontend/android/app/src/profile/AndroidManifest.xml", "revision_history": [{"36": "71d90e32b08c7464edc7fc11c1c5ea8998c2f987"}]}