{"is_source_file": true, "format": "Dart", "description": "Main entry point for a Flutter application implementing a note-taking app. Sets up providers and the root widget.", "external_files": ["package:flutter/material.dart", "package:provider/provider.dart", "data/repository/note_repository.dart", "providers/notes_provider.dart", "screens/home_screen.dart", "theme/app_theme.dart"], "external_methods": ["runApp", "Provider", "ChangeNotifierProvider", "context.read"], "published": ["main"], "classes": [{"name": "NotesApp", "description": "Root widget of the app that sets up providers and the MaterialApp."}], "methods": [{"name": "main", "description": "Application entry point that runs the root widget."}, {"name": "build", "description": "Build method rendering the widget tree with providers and MaterialApp."}], "calls": ["runApp", "Provider<INoteRepository>.create", "repo.dispose", "ChangeNotifierProvider<NotesProvider>.create", "NotesProvider..initialize", "MaterialApp"], "search-terms": ["Flutter main", "NotesApp", "provider setup", "Note repository", "HomeScreen", "AppTheme"], "state": 2, "file_id": 2, "knowledge_revision": 38, "git_revision": "", "revision_history": [{"34": ""}, {"38": ""}], "hash": "7998dff4fef909da76d4448aec2d5299", "format-version": 4, "code-base-name": "notes_frontend", "filename": "notes_frontend/lib/main.dart"}