{"is_source_file": true, "format": "Dart", "description": "Defines a Note class representing a note entity, with properties like id, title, content, and timestamps. Includes methods for copying and converting to/from map representations, used for local storage in SQLite.", "external_files": [], "external_methods": [], "published": ["Note", "Note.copyWith", "Note.toMap", "Note.fromMap"], "classes": [{"name": "Note", "description": "A data model class for a note entity stored locally using SQLite, with properties for id, title, content, creation and update timestamps, and methods for copying and serialization."}], "methods": [{"name": "Note.copyWith", "description": "Creates a copy of the Note instance with optional overridden fields."}, {"name": "Note.toMap", "description": "Converts the Note instance into a Map suitable for database storage."}, {"name": "Note.fromMap", "description": "Instantiate a Note object from a Map, typically retrieved from the database."}], "calls": [], "search-terms": ["Note", "copyWith", "toMap", "fromMap", "SQLite", "local storage"], "state": 2, "file_id": 43, "knowledge_revision": 102, "git_revision": "", "hash": "c7ef3d7cbd34b8493fd004db9182ff38", "format-version": 4, "code-base-name": "notes_frontend", "filename": "notes_frontend/lib/models/note.dart", "revision_history": [{"102": ""}]}