{"is_source_file": true, "format": "Dart", "description": "This file defines a Flutter widget class NoteViewScreen which displays the details of a note, including options to edit, delete, and pin/unpin the note.", "external_files": ["../models/note.dart", "../providers/notes_provider.dart", "../theme/app_theme.dart", "note_editor_screen.dart"], "external_methods": ["context.watch<NotesProvider>()", "context.read<NotesProvider>()", "Navigator.of(context).push", "showDialog", "ScaffoldMessenger.of(context).showSnackBar", "Navigator.of(context).pop"], "published": [], "classes": [{"name": "NoteViewScreen", "description": "A stateless widget that displays detailed view of a note, with options to pin/unpin, edit, or delete the note."}], "methods": [{"name": "build", "description": "Builds the widget tree for displaying note details, including app bar actions and content layout."}], "calls": ["context.watch<NotesProvider>()", "provider.notes.where", "firstWhere", "Navigator.of(context).push", "showDialog", "Navigator.of(context).pop", "context.read<NotesProvider>().togglePinned", "context.read<NotesProvider>().deleteNote", "ScaffoldMessenger.of(context).showSnackBar"], "search-terms": ["NoteViewScreen", "noteId", "Note", "deleteNote", "togglePinned", "note_content_display", "flutter scaffold", "flutter app bar"], "state": 2, "file_id": 27, "knowledge_revision": 59, "git_revision": "", "hash": "64349d7b65aca4802dd1b84285a6d57e", "format-version": 4, "code-base-name": "notes_frontend", "filename": "notes_frontend/lib/screens/note_view_screen.dart", "revision_history": [{"59": ""}]}