{"is_source_file": true, "format": "Dart", "description": "This is a Flutter widget class defining the home screen of a note-taking app, including UI elements for displaying, searching, refreshing, creating, viewing, and deleting notes. It interacts with provider-based state management, navigation, and standard Flutter widgets.", "external_files": ["../models/note.dart", "../providers/notes_provider.dart", "../theme/app_theme.dart", "../widgets/empty_state.dart", "../widgets/note_card.dart", "note_editor_screen.dart", "note_view_screen.dart"], "external_methods": ["context.read<NotesProvider>()", "context.watch<NotesProvider>()", "provider.setQuery()", "provider.refresh()", "provider.delete()", "FocusManager.instance.primaryFocus?.unfocus()", "ScaffoldMessenger.of(context).showSnackBar()", "Navigator.of(context).push()"], "published": ["HomeScreen"], "classes": [{"name": "HomeScreen", "description": "A stateless widget representing the main screen of the notes application, managing navigation, search, refresh, and display of notes."}], "methods": [{"name": "_openCreate", "description": "Asynchronous method to open the note editor screen for creating a new note, then refreshes the notes list after the editor is closed."}, {"name": "_openView", "description": "Asynchronous method to open the view screen for a specific note, then refreshes the notes list after closing the view."}, {"name": "build", "description": "Builds the widget tree for the home screen, including app bar, search field, note list, and actions."}], "calls": ["Navigator.of(context).push", "context.read<NotesProvider>()", "context.watch<NotesProvider>()", "ScaffoldMessenger.of(context).showSnackBar", "FocusManager.instance.primaryFocus?.unfocus"], "search-terms": ["HomeScreen", "NotesProvider", "NoteEditorScreen", "NoteViewScreen", "search notes", "note list", "Flutter scaffold", "NoteCard", "note deletion", "refresh notes"], "state": 2, "file_id": 49, "knowledge_revision": 115, "git_revision": "", "revision_history": [{"108": ""}, {"115": ""}], "hash": "d3a313c0fc6d65ed58089bb360954c7b", "format-version": 4, "code-base-name": "notes_frontend", "filename": "notes_frontend/lib/screens/home_screen.dart"}