{"is_source_file": true, "format": "Dart", "description": "This file defines the `AppTheme` class which provides theming configurations for a Flutter application, following the \"Ocean Professional\" palette. It includes color definitions, theme data for light mode, and styling for UI components like AppBar, Card, InputDecoration, FloatingActionButton, and SnackBar.", "external_files": ["package:flutter/material.dart"], "external_methods": ["ColorScheme.fromSeed", "Typography.material2021", "Colors.black.withAlpha", "Colors.black.withAlpha", "Colors.black.withAlpha", "ColorScheme.fromSeed", "TextTheme.apply", "TextTheme.titleLarge?.copyWith", "RoundedRectangleBorder", "BorderRadius.circular", "EdgeInsets.symmetric", "OutlineInputBorder", "BorderSide", "Colors.white", "Colors.black", "Colors.red", "Colors.blue", "Colors.grey"], "published": ["AppTheme"], "classes": [{"name": "AppTheme", "description": "A utility class providing static methods and constants for theming a Flutter app following the Ocean Professional palette."}], "methods": [{"name": "AppTheme._", "description": "Private constructor to prevent instantiation of the class."}, {"name": "light", "description": "Creates and returns a ThemeData object configured for light mode with custom color scheme and component themes."}], "calls": ["ColorScheme.fromSeed", "Typography.material2021", "textTheme.apply", "textTheme.titleLarge?.copyWith", "Colors.black.withAlpha", "Colors.black.withAlpha", "Colors.black.withAlpha", "RoundedRectangleBorder", "BorderRadius.circular", "EdgeInsets.symmetric", "OutlineInputBorder", "BorderSide", "Colors.white", "Colors.black", "Colors.red", "Colors.blue", "Colors.grey"], "search-terms": ["Ocean Professional palette", "Flutter theme", "AppTheme class", "custom light theme", "InputDecorationTheme", "SnackBarThemeData", "AppBarTheme", "CardTheme", "FloatingActionButtonThemeData"], "state": 2, "file_id": 48, "knowledge_revision": 107, "git_revision": "", "hash": "d7aae3b3bf873bf800fce0f37ef95efe", "format-version": 4, "code-base-name": "notes_frontend", "filename": "notes_frontend/lib/theme/app_theme.dart", "revision_history": [{"107": ""}]}