{"is_source_file": true, "format": "Dart", "description": "This Dart file defines the NotesProvider class, which manages the state and operations related to notes in a Flutter application. It handles fetching, updating, creating, deleting, and filtering notes, and notifies listeners about state changes.", "external_files": ["package:flutter/foundation.dart", "package:notes_frontend/data/repository/note_repository.dart", "package:notes_frontend/models/note.dart"], "external_methods": ["repository.getAllNotes", "repository.createNote", "repository.getNoteById", "repository.updateNote", "repository.deleteNote", "repository.setPinned"], "published": ["NotesProvider"], "classes": [{"name": "NotesProvider", "description": "A ChangeNotifier that manages the state of notes, including fetching, searching, layout toggle, and CRUD operations."}], "methods": [{"name": "initialize", "description": "Initializes the provider by fetching all notes if not already initialized."}, {"name": "refresh", "description": "Fetches all notes from the repository and updates the internal list."}, {"name": "setQuery", "description": "Sets the search query string and notifies listeners."}, {"name": "toggleLayout", "description": "Toggles between grid and list view layouts."}, {"name": "createNote", "description": "Creates a new note with the given title and content, then refreshes the notes list."}, {"name": "updateNote", "description": "Updates an existing note by ID with new title and content, then refreshes."}, {"name": "deleteNote", "description": "Deletes a note by its ID and refreshes."}, {"name": "togglePinned", "description": "Toggles the pinned status of a note."}], "calls": ["repository.getAllNotes", "repository.createNote", "repository.getNoteById", "repository.updateNote", "repository.deleteNote", "repository.setPinned", "notifyListeners"], "search-terms": ["NotesProvider", "NotesProvider class", "notes management", "state management", "Flutter ChangeNotifier", "notes CRUD", "filter notes"], "state": 2, "file_id": 35, "knowledge_revision": 80, "git_revision": "", "hash": "1216bf1acd4a8f22825582ce1bf2c2ef", "format-version": 4, "code-base-name": "notes_frontend", "filename": "notes_frontend/lib/providers/notes_provider.dart", "revision_history": [{"80": ""}]}