{"is_source_file": true, "format": "Dart", "description": "Defines a theme configuration for a Flutter application, including color schemes, text styles, and component themes.", "external_files": ["package:flutter/material.dart"], "external_methods": ["ColorScheme.fromSeed", "Typography.material2021", "EdgeInsets.zero", "Colors.black.withAlpha", "Colors.white", "BorderRadius.circular", "BorderSide", "OutlineInputBorder", "copyWith", "ThemeData", "AppBarTheme", "CardTheme", "FloatingActionButtonThemeData", "InputDecorationTheme", "SnackBarThemeData", "DividerThemeData"], "published": ["AppTheme"], "classes": [{"name": "AppTheme", "description": "A static class providing theme data for a Flutter application, including color palette and theme configurations."}], "methods": [{"name": "light", "description": "Returns a ThemeData object configured for a light theme, utilizing the defined color palette and styling parameters."}], "calls": ["ColorScheme.fromSeed", "Typography.material2021", "text.apply", "OutlineInputBorder", "BorderRadius.circular", "Colors.black.withAlpha", "ThemeData", "AppBarTheme", "CardTheme", "RoundedRectangleBorder", "FloatingActionButtonThemeData", "InputDecorationTheme", "SnackBarThemeData", "DividerThemeData"], "search-terms": ["app_theme", "ColorScheme", "Flutter theme", "Material3", "TextTheme", "InputDecorationTheme", "snackbar", "divider", "primary color"], "state": 2, "file_id": 36, "knowledge_revision": 81, "git_revision": "", "hash": "d5a6df76fa001ff654cf40f26b40ae42", "format-version": 4, "code-base-name": "notes_frontend", "filename": "notes_frontend/lib/theme/app_theme.dart", "revision_history": [{"81": ""}]}