{"is_source_file": false, "format": "", "description": "", "external_files": [], "external_methods": [], "published": [], "classes": [], "methods": [], "calls": [], "search-terms": [], "state": 2, "file_id": 12, "knowledge_revision": 26, "git_revision": "71d90e32b08c7464edc7fc11c1c5ea8998c2f987", "hash": "58b48ec178bde5aad76063577172ad24", "format-version": 4, "code-base-name": "notes_frontend", "filename": "notes_frontend/android/app/src/main/res/values/styles.xml", "revision_history": [{"26": "71d90e32b08c7464edc7fc11c1c5ea8998c2f987"}]}