{"is_source_file": true, "format": "Dart", "description": "Defines a Flutter widget 'NoteCard' responsible for displaying individual note summaries, including title, content preview, and update date, with pinning functionality.", "external_files": ["../models/note.dart", "../theme/app_theme.dart"], "external_methods": [], "published": ["NoteCard"], "classes": [{"name": "NoteCard", "description": "A stateless widget that displays a note's title, content preview, timestamp, and pin icon, with tap and pin actions."}], "methods": [{"name": "NoteCard", "description": "Constructor for the NoteCard widget, specifying required fields and optional dense layout."}, {"name": "build", "description": "Builds the widget tree for the note card, including content preview, title, pin button, and timestamp."}], "calls": ["DateFormat.MMMd", "Theme.of(context).textTheme.titleMedium?.copyWith", "Theme.of(context).textTheme.bodyMedium?.copyWith", "Theme.of(context).textTheme.bodySmall?.copyWith", "Icons.push_pin", "Icons.push_pin_outlined", "BoxDecoration", "Border.all", "LinearGradient"], "search-terms": ["NoteCard", "Flutter note widget", "content preview", "pin icon", "note display"], "state": 2, "file_id": 29, "knowledge_revision": 61, "git_revision": "", "hash": "5623e63a0beee40cd6a67586d05d97e8", "format-version": 4, "code-base-name": "notes_frontend", "filename": "notes_frontend/lib/widgets/note_card.dart", "revision_history": [{"61": ""}]}