{"is_source_file": true, "format": "Dart", "description": "This file defines the NotesProvider class which manages state and operations related to notes in a Flutter application, including initializing preferences, filtering, creating, updating, deleting, and toggling view modes for notes.", "external_files": ["../data/repository/note_repository.dart", "package:flutter/foundation.dart", "package:shared_preferences/shared_preferences.dart"], "external_methods": ["SharedPreferences.getInstance", "SharedPreferences.getString", "SharedPreferences.setString", "INoteRepository.getAll", "INoteRepository.create", "INoteRepository.update", "INoteRepository.delete", "INoteRepository.togglePinned"], "published": ["NotesProvider", "NotesViewMode"], "classes": [{"name": "NotesProvider", "description": "A ChangeNotifier-based provider class managing note data, preferences, and operations such as CRUD and view mode toggling."}], "methods": [{"name": "initialize", "description": "Initializes the provider, loading view mode from shared preferences and fetching notes."}, {"name": "refresh", "description": "Fetches all notes from the repository and updates internal state."}, {"name": "createNote", "description": "Creates a new note with specified title, content, and optional pinned status."}, {"name": "updateNote", "description": "Updates an existing note via the repository."}, {"name": "deleteNote", "description": "Deletes a note by its ID."}, {"name": "togglePinned", "description": "Toggles the pinned status of a note."}, {"name": "setSearchQuery", "description": "Sets the search query string for filtering notes."}, {"name": "toggleViewMode", "description": "Switches between grid and list view modes and saves preference."}], "calls": ["SharedPreferences.getInstance", "SharedPreferences.getString", "SharedPreferences.setString", "INoteRepository.getAll", "INoteRepository.create", "INoteRepository.update", "INoteRepository.delete", "INoteRepository.togglePinned"], "search-terms": ["NotesProvider", "viewMode", "filterNotes", "togglePinned", "sharedPreferences"], "state": 2, "file_id": 23, "knowledge_revision": 55, "git_revision": "", "hash": "e3c15d44efbfac805e0d8a58390df1bc", "format-version": 4, "code-base-name": "notes_frontend", "filename": "notes_frontend/lib/providers/notes_provider.dart", "revision_history": [{"55": ""}]}