{"is_source_file": true, "format": "Java", "description": "This is a generated Java class for registering Flutter plugins with an Android FlutterEngine. It is automatically generated by the Flutter tool and does not contain custom or manually written code.", "external_files": [], "external_methods": ["io.flutter.embedding.engine.FlutterEngine", "io.flutter.Log"], "published": [], "classes": [{"name": "GeneratedPluginRegistrant", "description": "A utility class generated by Flutter to register plugins with the Android FlutterEngine instance."}], "methods": [{"name": "registerWith", "description": "A static method that registers plugins with the provided FlutterEngine instance."}], "calls": [], "search-terms": ["GeneratedPluginRegistrant", "registerWith", "FlutterEngine", "plugins", "generated", "Android Flutter"], "state": 2, "file_id": 10, "knowledge_revision": 33, "git_revision": "", "hash": "4e24ad985234c7ea587449a7b9814f29", "format-version": 4, "code-base-name": "notes_frontend", "filename": "notes_frontend/android/app/src/main/java/io/flutter/plugins/GeneratedPluginRegistrant.java", "revision_history": [{"33": ""}]}