{"is_source_file": false, "format": "", "description": "", "external_files": [], "external_methods": [], "published": [], "classes": [], "methods": [], "calls": [], "search-terms": [], "state": 2, "file_id": 14, "knowledge_revision": 32, "git_revision": "71d90e32b08c7464edc7fc11c1c5ea8998c2f987", "hash": "feddd27a2f77ef486e2b7a420b1de43d", "format-version": 4, "code-base-name": "notes_frontend", "filename": "notes_frontend/android/app/src/main/res/values-night/styles.xml", "revision_history": [{"32": "71d90e32b08c7464edc7fc11c1c5ea8998c2f987"}]}