{"is_source_file": true, "format": "Dart", "description": "This file defines a Flutter widget called EmptyState, which displays a centered UI component with an icon, title, and subtitle, used to indicate an empty state in the app.", "external_files": ["../theme/app_theme.dart", "package:flutter/material.dart"], "external_methods": ["Theme.of", "AppTheme.primary", "AppTheme.text"], "published": ["EmptyState"], "classes": [{"name": "EmptyState", "description": "A StatelessWidget that presents an icon, title, and subtitle centered on the screen, used to show an empty state message."}], "methods": [{"name": "build", "description": "Builds the widget tree, laying out the icon, title, and subtitle within a centered column."}], "calls": ["Center", "Padding", "Column", "Container", "BoxDecoration", "Icon", "Text", "Theme.of"], "search-terms": ["EmptyState", "Flutter widget", "empty state", "centered layout", "note icon", "stateless widget"], "state": 2, "file_id": 28, "knowledge_revision": 60, "git_revision": "", "hash": "5e782f97a4f0fbebff980d1baaa603e2", "format-version": 4, "code-base-name": "notes_frontend", "filename": "notes_frontend/lib/widgets/empty_state.dart", "revision_history": [{"60": ""}]}