{"is_source_file": true, "format": "Dart", "description": "This file defines a Flutter widget called NoteCard, which displays a note preview with controls for pinning, editing, and deleting within a note-taking application.", "external_files": ["package:flutter/material.dart", "package:intl/intl.dart", "package:notes_frontend/models/note.dart"], "external_methods": ["Theme.of(context).colorScheme", "Theme.of(context).textTheme.titleMedium", "Theme.of(context).textTheme.bodyMedium", "Theme.of(context).textTheme.bodySmall", "DateFormat.MMMd().format"], "published": ["NoteCard", "NoteCardLayout"], "classes": [{"name": "NoteCard", "description": "A stateless widget that presents a summary view of a note with interactive controls."}, {"name": "_SmallIconButton", "description": "A private widget representing a small, customizable icon button used within NoteCard."}], "methods": [{"name": "build", "description": "Builds the widget tree for the NoteCard, displaying note details and action buttons."}, {"name": "_SmallIconButton.build", "description": "Builds a styled icon button with tooltip and color indicating danger or normal action."}], "calls": ["Theme.of(context).colorScheme", "Theme.of(context).textTheme.titleMedium", "Theme.of(context).textTheme.bodyMedium", "Theme.of(context).textTheme.bodySmall", "DateFormat.MMMd().format(note.updatedAt)", "_SmallIconButton's onPressed callbacks (onTogglePinned, onEdit, onDelete)"], "search-terms": ["NoteCard widget", "Flutter note preview", "note pin toggle", "note edit button", "note delete button", "list and grid layout notes", "Note model", "note content preview"], "state": 2, "file_id": 41, "knowledge_revision": 86, "git_revision": "", "hash": "c1dab5f2af254c5ccd73fadc11784e25", "format-version": 4, "code-base-name": "notes_frontend", "filename": "notes_frontend/lib/widgets/note_card.dart", "revision_history": [{"86": ""}]}