{"is_source_file": true, "format": "Dart", "description": "The file defines a Flutter widget for the home screen of a note-taking app, managing note display, search, and layout toggle between grid and list views. It interacts with a provider for state management and navigates to note editing and viewing screens.", "external_files": ["package:flutter/material.dart", "package:provider/provider.dart", "package:notes_frontend/models/note.dart", "package:notes_frontend/providers/notes_provider.dart", "package:notes_frontend/screens/note_editor_screen.dart", "package:notes_frontend/screens/note_view_screen.dart", "package:notes_frontend/widgets/empty_state.dart", "package:notes_frontend/widgets/note_card.dart"], "external_methods": ["Navigator.of(context).push", "context.watch<NotesProvider>()", "context.read<NotesProvider>()", "provider.toggleLayout", "provider.refresh", "provider.setQuery", "provider.togglePinned", "provider.deleteNote"], "published": ["HomeScreen"], "classes": [{"name": "HomeScreen", "description": "Main widget representing the home screen with app bar, search, notes list/grid, and floating action button."}, {"name": "_HomeScreenState", "description": "State class managing the logic of HomeScreen including search controller, navigation, and layout state."}, {"name": "_NotesList", "description": "Stateless widget displaying notes in a list view, with actions for opening, editing, toggling pinned state, and deleting notes."}, {"name": "_NotesGrid", "description": "Stateless widget displaying notes in a grid view, with similar interactions as _NotesList."}], "methods": [{"name": "_openCreateNote", "description": "Navigates to the note editor screen for creating a new note."}, {"name": "_openView", "description": "Navigates to the note view screen to display a specific note."}, {"name": "_openEdit", "description": "Navigates to the note editor screen for editing a specific note."}], "calls": ["Navigator.of(context).push", "context.watch<NotesProvider>()", "context.read<NotesProvider>()", "provider.toggleLayout", "provider.refresh", "provider.setQuery", "provider.togglePinned", "provider.deleteNote", "NoteCard", "EmptyState", "AnimatedSwitcher", "CircularProgressIndicator", "ListView.separated", "GridView.builder"], "search-terms": ["HomeScreen", "note list and grid toggle", "search notes", "NotesProvider", "note editing and viewing", "note deletion", "NoteCard", "EmptyState", "Flutter notes app"], "state": 2, "file_id": 37, "knowledge_revision": 82, "git_revision": "", "hash": "4ea32633f505e52ec6d6878de99a0b13", "format-version": 4, "code-base-name": "notes_frontend", "filename": "notes_frontend/lib/screens/home_screen.dart", "revision_history": [{"82": ""}]}