{"is_source_file": true, "format": "Dart", "description": "This file defines the schema constants for a notes database in a Flutter/Dart application, including table name, columns, and the SQL statement to create the notes table.", "external_files": [], "external_methods": [], "published": ["NotesSchema"], "classes": [{"name": "NotesSchema", "description": "Contains static constants defining the notes database schema, including table name, columns, and SQL creation statement."}], "methods": [], "calls": ["CREATE TABLE"], "search-terms": ["NotesSchema", "notes.db", "createNotesTableSql", "tableNotes", "colId", "colTitle", "colContent", "colIsPinned", "colCreatedAt", "colUpdatedAt"], "state": 2, "file_id": 32, "knowledge_revision": 77, "git_revision": "", "hash": "5472247a52c052b8ec277c40dca4bec6", "format-version": 4, "code-base-name": "notes_frontend", "filename": "notes_frontend/lib/data/db/notes_schema.dart", "revision_history": [{"77": ""}]}