{"is_source_file": false, "format": "", "description": "", "external_files": [], "external_methods": [], "published": [], "classes": [], "methods": [], "calls": [], "search-terms": [], "state": 2, "file_id": 3, "knowledge_revision": 101, "git_revision": "71d90e32b08c7464edc7fc11c1c5ea8998c2f987", "revision_history": [{"24": "71d90e32b08c7464edc7fc11c1c5ea8998c2f987"}, {"101": "71d90e32b08c7464edc7fc11c1c5ea8998c2f987"}], "hash": "3d6dad7f88daf3546b51309d55d27b10", "format-version": 4, "code-base-name": "notes_frontend", "filename": "notes_frontend/pubspec.yaml"}