{"is_source_file": true, "format": "Dart", "description": "Main entry point for the Flutter note organizer app; sets up dependency injection, initialize app components, and configures the root widget.", "external_files": ["package:flutter/material.dart", "package:provider/provider.dart", "data/db/app_database.dart", "data/repository/note_repository.dart", "providers/notes_provider.dart", "screens/home_screen.dart", "theme/app_theme.dart"], "external_methods": ["WidgetsFlutterBinding.ensureInitialized", "runApp", "Provider.value", "ChangeNotifierProvider.create", "context.read", "NotesProvider.initialize", "MaterialApp", "AppTheme.light"], "published": ["NotesApp"], "classes": [{"name": "NotesApp", "description": "Root widget that sets up dependency providers and configures theme and home screen."}], "methods": [{"name": "main", "description": "Initializes Flutter binding, sets up database and repository, then runs the app."}], "calls": ["WidgetsFlutterBinding.ensureInitialized", "AppDatabase()", "SqfliteNoteRepository", "runApp", "Provider.value", "ChangeNotifierProvider", "NotesProvider", "context.read", "NotesProvider.initialize", "MaterialApp", "AppTheme.light"], "search-terms": ["main.dart", "NotesApp", "Flutter app initialization", "Repository setup", "Provider setup", "WidgetsFlutterBinding", "MaterialApp", "notes_frontend"], "state": 2, "file_id": 42, "knowledge_revision": 114, "git_revision": "", "revision_history": [{"92": ""}, {"114": ""}], "hash": "b173255dc5b94cd9d0c53cd64d22ee9e", "format-version": 4, "code-base-name": "notes_frontend", "filename": "notes_frontend/lib/main.dart"}