{"is_source_file": false, "format": "", "description": "", "external_files": [], "external_methods": [], "published": [], "classes": [], "methods": [], "calls": [], "search-terms": [], "state": 2, "file_id": 17, "knowledge_revision": 37, "git_revision": "71d90e32b08c7464edc7fc11c1c5ea8998c2f987", "hash": "683f9ca2f32a701ed1517715bf394e23", "format-version": 4, "code-base-name": "notes_frontend", "filename": "notes_frontend/android/settings.gradle.kts", "revision_history": [{"37": "71d90e32b08c7464edc7fc11c1c5ea8998c2f987"}]}