{"is_source_file": true, "format": "Dart", "description": "This file defines a singleton class AppDatabase that manages SQLite database connections for the notes frontend application. It handles database initialization, creation, and upgrades, providing a global database instance.", "external_files": ["package:path/path.dart", "package:sqflite/sqflite.dart", "package:notes_frontend/data/db/notes_schema.dart"], "external_methods": ["getDatabasesPath", "openDatabase"], "published": ["AppDatabase"], "classes": [{"name": "AppDatabase", "description": "Singleton class managing the application's database connection, ensuring a single shared instance and lazy initialization."}], "methods": [{"name": "database", "description": "Getter that asynchronously returns the singleton database instance, opening and initializing the database if not already available."}], "calls": ["getDatabasesPath()", "p.join()", "openDatabase()", "db.execute()"], "search-terms": ["AppDatabase", "Database singleton", "AppDatabase._()", "NotesSchema.createNotesTableSql", "database getter", "lazy initialization", "SQLite"], "state": 2, "file_id": 33, "knowledge_revision": 78, "git_revision": "", "hash": "3fad7acad84f5e8ab448dedab7d73584", "format-version": 4, "code-base-name": "notes_frontend", "filename": "notes_frontend/lib/data/db/app_database.dart", "revision_history": [{"78": ""}]}