{"is_source_file": true, "format": "Dart", "description": "Main entry point and root widget for a Flutter note-taking app. It initializes database, repository, and provider setup, and builds the MaterialApp with theme and home screen.", "external_files": ["package:flutter/material.dart", "package:provider/provider.dart", "data/db/app_database.dart", "data/repository/note_repository.dart", "providers/notes_provider.dart", "screens/home_screen.dart", "theme/app_theme.dart"], "external_methods": ["WidgetsFlutterBinding.ensureInitialized", "runApp", "Provider.value", "ChangeNotifierProvider.create", "context.read", "NoteProvider.initialize", "MaterialApp constructor", "AppTheme.light"], "published": ["main"], "classes": [{"name": "NotesApp", "description": "Root widget of the application, responsible for providing repository and state management to the widget tree."}], "methods": [{"name": "main", "description": "Main function that initializes Flutter widgets, sets up database and repository, and runs the application."}, {"name": "build", "description": "Builds the widget tree for the NotesApp, setting up providers and the MaterialApp widget."}], "calls": ["WidgetsFlutterBinding.ensureInitialized", "runApp", "Provider.value", "ChangeNotifierProvider.create", "context.read", "NotesProvider.initialize", "MaterialApp", "AppTheme.light"], "search-terms": ["main.dart", "NotesApp", "Flutter app initialization", "Provider setup", "Notes repository", "HomeScreen", "AppTheme"], "state": 2, "file_id": 42, "knowledge_revision": 92, "git_revision": "", "hash": "ebb5bdcc9f1a10a248f7dfb0e73ee5cb", "format-version": 4, "code-base-name": "notes_frontend", "filename": "notes_frontend/lib/main.dart", "revision_history": [{"92": ""}]}