{"is_source_file": true, "format": "Dart", "description": "This is a Dart source file defining a Flutter widget for creating and editing notes in a notes app. It manages form state, loads existing note data when editing, and handles saving notes via provider and repository patterns.", "external_files": ["package:flutter/material.dart", "package:provider/provider.dart", "package:notes_frontend/models/note.dart", "package:notes_frontend/providers/notes_provider.dart", "package:notes_frontend/data/repository/note_repository.dart"], "external_methods": ["context.read<INoteRepository>()", "context.read<NotesProvider>()", "Navigator.of(context).pop()", "WidgetsBinding.instance.addPostFrameCallback"], "published": [], "classes": [{"name": "NoteEditorScreen", "description": "A Flutter StatefulWidget for editing or creating notes."}, {"name": "_NoteEditorScreenState", "description": "State class managing the UI and logic for NoteEditorScreen, including loading note data, form validation, and saving."}], "methods": [{"name": "initState", "description": "Initializes the state and triggers loading of existing note data if editing."}, {"name": "dispose", "description": "Disposes of text controllers to free resources."}, {"name": "_loadIfEditing", "description": "Asynchronously loads an existing note's data if an ID is provided, and populates form fields."}, {"name": "_applyPendingIfAny", "description": "Updates form controllers with pending loaded data."}, {"name": "_save", "description": "Validates form data, calls provider to create or update a note, and triggers navigation back on success."}, {"name": "build", "description": "Builds the widget tree, displaying the form or a loading indicator."}], "calls": ["context.read<INoteRepository>()", "context.read<NotesProvider>()", "Navigator.of(context).pop()", "WidgetsBinding.instance.addPostFrameCallback", "form.validate()", "repo.getNoteById(id)", "provider.createNote(...)", "provider.updateNote(...)"], "search-terms": ["NoteEditorScreen", "note editing", "note saving", "Flutter form", "note repository", "notes provider", "TextEditingController", "load note data", "save note", "note ID"], "state": 2, "file_id": 38, "knowledge_revision": 83, "git_revision": "", "hash": "1d4f01247b03fd16a5b616d3c80f2051", "format-version": 4, "code-base-name": "notes_frontend", "filename": "notes_frontend/lib/screens/note_editor_screen.dart", "revision_history": [{"83": ""}]}