{"is_source_file": false, "format": "", "description": "", "external_files": [], "external_methods": [], "published": [], "classes": [], "methods": [], "calls": [], "search-terms": [], "state": 2, "file_id": 11, "knowledge_revision": 25, "git_revision": "71d90e32b08c7464edc7fc11c1c5ea8998c2f987", "hash": "79c59c987bd2e693cd741ec3035ef383", "format-version": 4, "code-base-name": "notes_frontend", "filename": "notes_frontend/android/app/src/main/res/drawable/launch_background.xml", "revision_history": [{"25": "71d90e32b08c7464edc7fc11c1c5ea8998c2f987"}]}