{"is_source_file": true, "format": "Dart", "description": "This Dart file defines a Flutter widget for viewing a note, including functionalities to edit and delete the note, and displays note details with formatting.", "external_files": ["../models/note.dart", "../providers/notes_provider.dart", "../theme/app_theme.dart", "note_editor_screen.dart"], "external_methods": ["context.read<NotesProvider>()", "Navigator.of(context).push()", "provider.refresh()", "provider.delete()", "ScaffoldMessenger.of(context).showSnackBar()", "Theme.of(context).textTheme"], "published": ["NoteViewScreen"], "classes": [{"name": "NoteViewScreen", "description": "A stateless widget that displays details of a note and provides options to edit or delete it."}], "methods": [{"name": "_formatMillis", "description": "Formats milliseconds since epoch into a human-readable date string."}, {"name": "_edit", "description": "Navigates to the note editing screen and refreshes the note list after editing."}, {"name": "_delete", "description": "Deletes the current note and shows a confirmation SnackBar."}, {"name": "build", "description": "Build method that constructs the UI for viewing a note."}], "calls": ["context.read<NotesProvider>()", "Navigator.of(context).push()", "provider.refresh()", "context.read<NotesProvider>().delete()", "Navigator.of(context).pop()", "ScaffoldMessenger.of(context).showSnackBar()", "Theme.of(context).textTheme.headlineSmall?.copyWith()", "Theme.of(context).textTheme.bodySmall?.copyWith()", "Theme.of(context).textTheme.bodyLarge?.copyWith()"], "search-terms": ["NoteViewScreen", "note_content_display", "note_edit_delete", "note_formatting", "Flutter note viewer"], "state": 2, "file_id": 51, "knowledge_revision": 116, "git_revision": "", "revision_history": [{"110": ""}, {"116": ""}], "hash": "a78aefdddcb6d0fbce0b4e3b44048d08", "format-version": 4, "code-base-name": "notes_frontend", "filename": "notes_frontend/lib/screens/note_view_screen.dart"}