{"is_source_file": true, "format": "Dart", "description": "This file defines the NotesProvider class, a ChangeNotifier-based provider managing the state and CRUD operations for notes within a Flutter application. It interacts with a note repository to fetch, create, update, and delete notes, and provides search/filter functionality.", "external_files": ["../data/repository/note_repository.dart", "../models/note.dart"], "external_methods": ["INoteRepository.getAllNotes", "INoteRepository.createNote", "INoteRepository.updateNote", "INoteRepository.deleteNote"], "published": ["NotesProvider"], "classes": [{"name": "NotesProvider", "description": "A provider class extending ChangeNotifier that manages the state of notes, including CRUD operations, search filtering, and loading state."}], "methods": [{"name": "initialize", "description": "Initializes the provider by loading notes from the repository."}, {"name": "refresh", "description": "Refreshes the list of notes from the repository and updates loading state."}, {"name": "setQuery", "description": "Sets the search query string and notifies listeners for filtered view."}, {"name": "create", "description": "Creates a new note with given title and content, inserts it into local list, and notifies listeners."}, {"name": "update", "description": "Updates an existing note with new title and content, updates local list, and sorts notes by updatedAtMillis."}, {"name": "delete", "description": "Deletes a note by ID from the repository and updates local list."}], "calls": ["notifyListeners()", "await _repository.getAllNotes()", "await _repository.createNote()", "note.copyWith()", "await _repository.updateNote()", "await _repository.deleteNote()"], "search-terms": ["NotesProvider", "ChangeNotifier", "note management", "state management", "CRUD notes", "search filter"], "state": 2, "file_id": 47, "knowledge_revision": 106, "git_revision": "", "hash": "ee71cefa8c54d19ff1e64d56cd2d3403", "format-version": 4, "code-base-name": "notes_frontend", "filename": "notes_frontend/lib/providers/notes_provider.dart", "revision_history": [{"106": ""}]}