{"is_source_file": false, "format": "", "description": "", "external_files": [], "external_methods": [], "published": [], "classes": [], "methods": [], "calls": [], "search-terms": [], "state": 2, "file_id": 13, "knowledge_revision": 29, "git_revision": "71d90e32b08c7464edc7fc11c1c5ea8998c2f987", "hash": "ab00f2bfdce1a5187d1ba31e9e68b921", "format-version": 4, "code-base-name": "notes_frontend", "filename": "notes_frontend/android/app/src/main/res/drawable-v21/launch_background.xml", "revision_history": [{"29": "71d90e32b08c7464edc7fc11c1c5ea8998c2f987"}]}