{"is_source_file": false, "format": "", "description": "", "external_files": [], "external_methods": [], "published": [], "classes": [], "methods": [], "calls": [], "search-terms": [], "state": 2, "file_id": 7, "knowledge_revision": 23, "git_revision": "71d90e32b08c7464edc7fc11c1c5ea8998c2f987", "hash": "7029aa7f7d8cfdc9312c01d2ce02eeba", "format-version": 4, "code-base-name": "notes_frontend", "filename": "notes_frontend/android/app/build.gradle.kts", "revision_history": [{"23": "71d90e32b08c7464edc7fc11c1c5ea8998c2f987"}]}