{"is_source_file": false, "format": "", "description": "", "external_files": [], "external_methods": [], "published": [], "classes": [], "methods": [], "calls": [], "search-terms": [], "state": 2, "file_id": 6, "knowledge_revision": 21, "git_revision": "71d90e32b08c7464edc7fc11c1c5ea8998c2f987", "hash": "699579880a795350891cafc998a3ec79", "format-version": 4, "code-base-name": "notes_frontend", "filename": "notes_frontend/android/build.gradle.kts", "revision_history": [{"21": "71d90e32b08c7464edc7fc11c1c5ea8998c2f987"}]}