{"is_source_file": true, "format": "Dart", "description": "This file defines the 'Note' class for a note-taking app, including properties, constructors, and methods for copying, mapping from database records, and converting to database-compatible maps.", "external_files": [], "external_methods": [], "published": ["Note"], "classes": [{"name": "Note", "description": "Represents a note with properties such as id, title, content, pinned status, creation and update timestamps. Provides methods for creating modified copies and serializing/deserializing for database operations."}], "methods": [{"name": "copyWith", "description": "Creates a copy of the current Note instance with specified properties replaced."}, {"name": "fromMap", "description": "Factory constructor to create a Note instance from a map of database query results."}, {"name": "toInsertMap", "description": "Converts the Note instance into a map suitable for inserting into the database."}, {"name": "toUpdateMap", "description": "Converts the Note instance into a map suitable for updating an existing database record."}], "calls": [], "search-terms": ["Note class", "dart data model", "database mapping", "note properties"], "state": 2, "file_id": 31, "knowledge_revision": 76, "git_revision": "", "hash": "0b340d5555e0fc469b7f965558ea3486", "format-version": 4, "code-base-name": "notes_frontend", "filename": "notes_frontend/lib/models/note.dart", "revision_history": [{"76": ""}]}