{"is_source_file": false, "format": "", "description": "", "external_files": [], "external_methods": [], "published": [], "classes": [], "methods": [], "calls": [], "search-terms": [], "state": 2, "file_id": 1, "knowledge_revision": 20, "git_revision": "71d90e32b08c7464edc7fc11c1c5ea8998c2f987", "hash": "fd37ecd8eaeadb232e7b2cb54fce04e7", "format-version": 4, "code-base-name": "notes_frontend", "filename": "notes_frontend/README.md", "revision_history": [{"20": "71d90e32b08c7464edc7fc11c1c5ea8998c2f987"}]}