{"is_source_file": false, "format": "", "description": "", "external_files": [], "external_methods": [], "published": [], "classes": [], "methods": [], "calls": [], "search-terms": [], "state": 2, "file_id": 4, "knowledge_revision": 22, "git_revision": "71d90e32b08c7464edc7fc11c1c5ea8998c2f987", "hash": "66d03d7647c8e438164feaf5b922d44a", "format-version": 4, "code-base-name": "notes_frontend", "filename": "notes_frontend/analysis_options.yaml", "revision_history": [{"22": "71d90e32b08c7464edc7fc11c1c5ea8998c2f987"}]}