{"is_source_file": false, "format": "", "description": "", "external_files": [], "external_methods": [], "published": [], "classes": [], "methods": [], "calls": [], "search-terms": [], "state": 2, "file_id": 9, "knowledge_revision": 27, "git_revision": "71d90e32b08c7464edc7fc11c1c5ea8998c2f987", "hash": "1edab54b1b3ea1b3fee7099c330d1a43", "format-version": 4, "code-base-name": "notes_frontend", "filename": "notes_frontend/android/app/src/main/AndroidManifest.xml", "revision_history": [{"27": "71d90e32b08c7464edc7fc11c1c5ea8998c2f987"}]}