{"is_source_file": true, "format": "Dart", "description": "This Dart file defines a Flutter widget called HomeScreen, which is the main screen of a notes app. It manages searching, viewing modes (grid/list), and navigation to note editing and viewing screens. It also contains internal widgets for displaying notes in grid or list format.", "external_files": ["../models/note.dart", "../providers/notes_provider.dart", "../theme/app_theme.dart", "../widgets/empty_state.dart", "../widgets/note_card.dart", "note_editor_screen.dart", "note_view_screen.dart"], "external_methods": ["context.watch<NotesProvider>()", "provider.setSearchQuery()", "provider.toggleViewMode()", "provider.loading", "provider.initialized", "provider.searchQuery", "provider.viewMode", "provider.filteredNotes", "provider.togglePinned()"], "published": ["HomeScreen"], "classes": [{"name": "HomeScreen", "description": "Main widget for the notes application's home screen, managing app bar actions, notes display, and navigation."}, {"name": "_HomeScreenState", "description": "State class for HomeScreen, handling search mode toggle and building the widget tree."}, {"name": "_NotesGrid", "description": "Widget for displaying notes in a masonry grid layout."}, {"name": "_NotesList", "description": "Widget for displaying notes in a list view."}], "methods": [{"name": "build", "description": "Build method for HomeScreen, assembling the scaffold with app bar, body, and floating action button."}], "calls": ["context.watch<NotesProvider>()", "provider.setSearchQuery", "provider.toggleViewMode", "Navigator.of(context).push", "MaterialPageRoute", "FadeTransition", "SlideTransition", "MediaQuery.sizeOf(context)", "MasonryGridView.count", "NoteCard", "Navigator.of(context).push", "context.read<NotesProvider>().togglePinned"], "search-terms": ["HomeScreen", "notes grid view", "notes list view", "search notes", "NotesProvider", "NoteCard", "Note", "note editing", "note viewing", "NotesViewMode"], "state": 2, "file_id": 25, "knowledge_revision": 57, "git_revision": "", "hash": "3f93181423f73dc26ad908808b5dbc3b", "format-version": 4, "code-base-name": "notes_frontend", "filename": "notes_frontend/lib/screens/home_screen.dart", "revision_history": [{"57": ""}]}