{"is_source_file": true, "format": "Kotlin", "description": "MainActivity Kotlin source file defining the main activity class for the Android app, extending FlutterActivity.", "external_files": ["io.flutter.embedding.android.FlutterActivity"], "external_methods": ["FlutterActivity()"], "published": ["MainActivity"], "classes": [{"name": "MainActivity", "description": "Main activity class that integrates Flutter into the Android app by extending FlutterActivity."}], "methods": [{"name": "MainActivity", "description": "Constructor for MainActivity class, invoking the parent FlutterActivity constructor."}], "calls": ["FlutterActivity()"], "search-terms": ["MainActivity", "FlutterActivity", "Kotlin Android activity", "Flutter integration"], "state": 2, "file_id": 8, "knowledge_revision": 31, "git_revision": "71d90e32b08c7464edc7fc11c1c5ea8998c2f987", "hash": "11aa5f160fc06bbf3eaa07a0b9f24292", "format-version": 4, "code-base-name": "notes_frontend", "filename": "notes_frontend/android/app/src/main/kotlin/com/example/notes_frontend/MainActivity.kt", "revision_history": [{"31": "71d90e32b08c7464edc7fc11c1c5ea8998c2f987"}]}