{"is_source_file": true, "format": "Dart", "description": "This Dart source file defines a Flutter widget for viewing and interacting with a note. It manages loading, editing, deleting, and pinning a specific note, and constructs a UI to display note content.", "external_files": ["package:flutter/material.dart", "package:intl/intl.dart", "package:provider/provider.dart", "package:notes_frontend/data/repository/note_repository.dart", "package:notes_frontend/models/note.dart", "package:notes_frontend/providers/notes_provider.dart", "package:notes_frontend/screens/note_editor_screen.dart"], "external_methods": ["context.read<INoteRepository>()", "context.read<NotesProvider>()", "Navigator.of(context).push()", "Navigator.of(context).pop()", "WidgetsBinding.instance.addPostFrameCallback"], "published": ["NoteViewScreen"], "classes": [{"name": "NoteViewScreen", "description": "A stateful widget that displays detailed view of a single note, with options to edit, delete, and toggle pin status."}, {"name": "_NoteViewScreenState", "description": "State class handling the logic for loading the note, managing UI state, and handling user interactions such as editing, deleting, and pinning."}], "methods": [{"name": "initState", "description": "Initializes the state and triggers loading of the note data."}, {"name": "_load", "description": "Asynchronously loads the note data by its ID using the note repository."}, {"name": "_openEdit", "description": "Navigates to the note editor screen for editing the current note."}, {"name": "_delete", "description": "Deletes the note via the provider and requests closing the view."}, {"name": "build", "description": "Builds the widget tree for the note view, handling refreshes and navigation."}], "calls": ["context.read<INoteRepository>()", "repo.getNoteById(widget.noteId)", "Navigator.of(context).push()", "NotesProvider.deleteNote()", "DateFormat.yMMMd().add_jm().format(note.updatedAt)", "Theme.of(context).textTheme.headlineSmall?.copyWith()", "Theme.of(context).textTheme.bodySmall?.copyWith()", "Theme.of(context).textTheme.bodyLarge?.copyWith()", "WidgetsBinding.instance.addPostFrameCallback()"], "search-terms": ["NoteViewScreen", "note editing", "note deletion", "pinning notes", "flutter note display", "note repository", "note model"], "state": 2, "file_id": 39, "knowledge_revision": 84, "git_revision": "", "hash": "60fbf436e5149384ef29cd73bb393396", "format-version": 4, "code-base-name": "notes_frontend", "filename": "notes_frontend/lib/screens/note_view_screen.dart", "revision_history": [{"84": ""}]}