{"is_source_file": true, "format": "Dart", "description": "This file defines the AppDatabase class responsible for managing the lifecycle, creation, and migration of a local SQLite database within a Flutter application. It encapsulates database opening, lazy initialization, and closing functionalities, leveraging the sqflite package, and references a schema definition in notes_schema.dart.", "external_files": ["package:path/path.dart", "package:sqflite/sqflite.dart", "notes_schema.dart"], "external_methods": ["getDatabasesPath()", "openDatabase()"], "published": ["AppDatabase"], "classes": [{"name": "AppDatabase", "description": "Encapsulates logic for opening, migrating, and closing a local SQLite database, providing an asynchronous lazy-initialized database instance."}], "methods": [{"name": "database", "description": "Returns a future resolving to an opened database instance, initializing it if necessary."}, {"name": "_open", "description": "Internal method to open the database, setting up the schema and handling potential upgrades."}, {"name": "close", "description": "Closes the database connection and resets internal references, useful for cleanup or testing."}], "calls": ["getDatabasesPath()", "p.join()", "openDatabase()", "db.execute()", "existing.close()"], "search-terms": ["AppDatabase", "sqflite", "local database", "database migration", "Flutter database"], "state": 2, "file_id": 45, "knowledge_revision": 104, "git_revision": "", "hash": "fd63e99021dfb68e0f6a95d26bdcbd1b", "format-version": 4, "code-base-name": "notes_frontend", "filename": "notes_frontend/lib/data/db/app_database.dart", "revision_history": [{"104": ""}]}