{"is_source_file": true, "format": "Dart", "description": "This file defines a Flutter widget called NoteCard used for displaying a note with title, content preview, and date, along with delete functionality.", "external_files": ["package:flutter/material.dart", "package:intl/intl.dart", "../models/note.dart", "../theme/app_theme.dart"], "external_methods": ["DateTime.fromMillisecondsSinceEpoch", "DateFormat.yMMMd().format", "Theme.of(context).textTheme.titleMedium?.copyWith", "Theme.of(context).textTheme.bodyMedium?.copyWith", "Theme.of(context).textTheme.bodySmall?.copyWith"], "published": ["NoteCard"], "classes": [{"name": "NoteCard", "description": "A stateless widget that displays note details including title, content preview, date, and delete button."}], "methods": [{"name": "_formatMillis", "description": "Converts milliseconds since epoch to a formatted date string."}, {"name": "build", "description": "Builds the widget tree for the NoteCard, including title, preview, date, and delete icon."}], "calls": ["DateTime.fromMillisecondsSinceEpoch", "DateFormat.yMMMd().format", "Theme.of(context).textTheme.titleMedium?.copyWith", "Theme.of(context).textTheme.bodyMedium?.copyWith", "Theme.of(context).textTheme.bodySmall?.copyWith"], "search-terms": ["NoteCard widget", "Flutter note display", "note preview", "delete note button", "note model", "card UI component"], "state": 2, "file_id": 52, "knowledge_revision": 111, "git_revision": "", "hash": "7188a2f587d61d12a7ed10e6d0cb9d09", "format-version": 4, "code-base-name": "notes_frontend", "filename": "notes_frontend/lib/widgets/note_card.dart", "revision_history": [{"111": ""}]}