{"is_source_file": true, "format": "Dart", "description": "This Dart class defines constants and SQL related to the 'notes' database table schema, including schema details and a method to generate the table creation SQL statement.", "external_files": [], "external_methods": [], "published": ["NotesSchema"], "classes": [{"name": "NotesSchema", "description": "Contains schema constants and SQL for the notes table, facilitating database creation and version management."}], "methods": [{"name": "createTableSql", "description": "Generates the SQL statement string to create the 'notes' table with specified columns and constraints."}], "calls": ["NotesSchema.createTableSql"], "search-terms": ["NotesSchema", "notes table schema", "createTableSql", "notes_app.db", "notes"], "state": 2, "file_id": 44, "knowledge_revision": 103, "git_revision": "", "hash": "18b8a8e2f7180e142b5cf02569c6cd85", "format-version": 4, "code-base-name": "notes_frontend", "filename": "notes_frontend/lib/data/db/notes_schema.dart", "revision_history": [{"103": ""}]}