{"is_source_file": true, "format": "Dart", "description": "This Dart source file defines a Flutter widget for viewing a note. It displays note details such as title, content, and last updated time, and provides actions to edit or delete the note.", "external_files": ["../models/note.dart", "../providers/notes_provider.dart", "../theme/app_theme.dart", "note_editor_screen.dart", "package:flutter/material.dart", "package:intl/intl.dart", "package:provider/provider.dart"], "external_methods": ["Navigator.of(context).push", "context.read<NotesProvider>().refresh", "context.read<NotesProvider>().delete", "ScaffoldMessenger.of(context).showSnackBar", "Theme.of(context).textTheme.headlineSmall", "Theme.of(context).textTheme.bodySmall", "Theme.of(context).textTheme.bodyLarge"], "published": ["NoteViewScreen"], "classes": [{"name": "NoteViewScreen", "description": "A StatelessWidget that displays the details of a note, including title, last update time, and content, with options to edit or delete the note."}], "methods": [{"name": "_formatMillis", "description": "Formats milliseconds since epoch into a human-readable date string."}, {"name": "_edit", "description": "Navigates to the note editor screen to modify the current note and refreshes the notes list afterward."}, {"name": "_delete", "description": "Deletes the note if it has an ID, shows a confirmation message, and navigates back."}, {"name": "build", "description": "Builds the UI for viewing the note, including the app bar with edit and delete actions, and content display."}], "calls": ["Navigator.of(context).push", "context.read<NotesProvider>().refresh", "context.read<NotesProvider>().delete", "ScaffoldMessenger.of(context).showSnackBar", "Theme.of(context).textTheme.headlineSmall", "Theme.of(context).textTheme.bodySmall", "Theme.of(context).textTheme.bodyLarge", "DateFormat.yMMMd().add_jm().format"], "search-terms": ["NoteViewScreen", "note_content_display", "note_edit_delete_actions", "note_update_time_format", "flutter note viewer"], "state": 2, "file_id": 51, "knowledge_revision": 110, "git_revision": "", "hash": "a78aefdddcb6d0fbce0b4e3b44048d08", "format-version": 4, "code-base-name": "notes_frontend", "filename": "notes_frontend/lib/screens/note_view_screen.dart", "revision_history": [{"110": ""}]}