{"is_source_file": true, "format": "Dart", "description": "This file defines the schema for a notes database, including table creation statements, column names, indexes, and sorting order specifically for notes data management.", "external_files": [], "external_methods": [], "published": ["NotesSchema", "NotesSchema.dbName", "NotesSchema.dbVersion", "NotesSchema.tableNotes", "NotesSchema.colId", "NotesSchema.colTitle", "NotesSchema.colContent", "NotesSchema.colCreatedAt", "NotesSchema.colUpdatedAt", "NotesSchema.colIsPinned", "NotesSchema.sortOrder", "NotesSchema.createTableNotes", "NotesSchema.createIndexes"], "classes": [{"name": "NotesSchema", "description": "A class defining constants related to the notes database schema, including table name, columns, indexes, and SQL statements for creating the table and indexes."}], "methods": [{"name": "NotesSchema._", "description": "A private constructor to prevent instantiation of the utility class."}], "calls": ["CREATE TABLE notes (...)", "CREATE INDEX idx_notes_updated_at ON notes(updated_at);", "CREATE INDEX idx_notes_is_pinned_updated_at ON notes(is_pinned, updated_at);", "CREATE INDEX idx_notes_title ON notes(title);"], "search-terms": ["notes_schema", "database schema", "createTableNotes", "indexes", "notes database"], "state": 2, "file_id": 20, "knowledge_revision": 52, "git_revision": "", "hash": "34691cec522acb18cb7156acf4665033", "format-version": 4, "code-base-name": "notes_frontend", "filename": "notes_frontend/lib/data/db/notes_schema.dart", "revision_history": [{"52": ""}]}