{"is_source_file": true, "format": "Dart", "description": "This file defines an abstract repository interface and its two implementations for managing 'Note' entities in a note-organizer application. It provides methods for CRUD operations and supports both a SQLite-backed repository using sqflite and an in-memory repository for testing or development purposes.", "external_files": ["package:sqflite/sqflite.dart", "../../models/note.dart", "../db/app_database.dart", "../db/notes_schema.dart"], "external_methods": ["Database.query", "Database.insert", "Database.update", "Database.delete", "Note.fromMap", "Note.copyWith"], "published": ["INoteRepository", "SqfliteNoteRepository", "MemoryNoteRepository"], "classes": [{"name": "INoteRepository", "description": "An abstract interface defining CRUD operations for Note entities, to be implemented with different data sources."}, {"name": "SqfliteNoteRepository", "description": "A concrete implementation of INoteRepository that uses the sqflite package for persistence in a SQLite database."}, {"name": "MemoryNoteRepository", "description": "An in-memory implementation of INoteRepository primarily useful for testing and development without persistent storage."}], "methods": [{"name": "getAllNotes", "description": "Fetches all notes, typically sorted by most recent update."}, {"name": "getNoteById", "description": "Retrieves a single note by its id, returns null if not found."}, {"name": "createNote", "description": "Creates a new note and returns it with the generated id."}, {"name": "updateNote", "description": "Updates an existing note and returns the updated note."}, {"name": "deleteNote", "description": "Deletes a note by its id."}], "calls": ["database.database", "db.query", "db.insert", "db.update", "db.delete", "Note.fromMap", "Note.copyWith"], "search-terms": ["NoteRepository", "sqflite", "InMemoryRepository", "CRUD", "NotesSchema", "Database", "Note"], "state": 2, "file_id": 46, "knowledge_revision": 105, "git_revision": "", "hash": "2b281aea602071e4d1b30da8a57ab894", "format-version": 4, "code-base-name": "notes_frontend", "filename": "notes_frontend/lib/data/repository/note_repository.dart", "revision_history": [{"105": ""}]}