{"is_source_file": true, "format": "Dart", "description": "This file is the main entry point for a Flutter application called NotesApp. It initializes necessary dependencies, sets up providers, loads environment variables, and launches the main app widget.", "external_files": ["package:flutter/material.dart", "package:flutter_dotenv/flutter_dotenv.dart", "package:provider/provider.dart", "package:notes_frontend/data/db/app_database.dart", "package:notes_frontend/data/repository/note_repository.dart", "package:notes_frontend/providers/notes_provider.dart", "package:notes_frontend/screens/home_screen.dart", "package:notes_frontend/theme/app_theme.dart"], "external_methods": ["WidgetsFlutterBinding.ensureInitialized", "dotenv.load", "AppDatabase.instance", "runApp", "MultiProvider", "Provider.value", "Provider.create", "context.read", "ChangeNotifierProvider", "NotesProvider..initialize", "MaterialApp", "AppTheme.light"], "published": ["main", "NotesApp"], "classes": [{"name": "NotesApp", "description": "A StatelessWidget that builds the root of the app with theming and home screen."}], "methods": [{"name": "main", "description": "Initializes environment, database, and dependency injection containers for the app, then runs the main application widget."}, {"name": "build", "description": "Build method for the NotesApp widget, returning a MaterialApp configured with theme and home screen."}], "calls": ["WidgetsFlutterBinding.ensureInitialized", "dotenv.load", "AppDatabase.instance", "runApp", "MultiProvider", "Provider.value", "Provider.create", "context.read", "ChangeNotifierProvider", "NotesProvider..initialize", "MaterialApp", "AppTheme.light"], "search-terms": ["main Dart file", "Flutter app entry point", "NotesApp widget", "dependency injection", "providers setup", "environment variable loading", "local database initialization"], "state": 2, "file_id": 30, "knowledge_revision": 71, "git_revision": "", "hash": "95249e34ab6483a20ee0d792411787ec", "format-version": 4, "code-base-name": "notes_frontend", "filename": "notes_frontend/lib/main.dart", "revision_history": [{"71": ""}]}