{"is_source_file": true, "format": "Dart", "description": "This file defines the HomeScreen widget for a Flutter notes app, managing UI and navigation for viewing, creating, and deleting notes.", "external_files": ["../models/note.dart", "../providers/notes_provider.dart", "../theme/app_theme.dart", "../widgets/empty_state.dart", "../widgets/note_card.dart", "note_editor_screen.dart", "note_view_screen.dart"], "external_methods": ["Navigator.of(context).push", "context.read<NotesProvider>().refresh", "context.watch<NotesProvider>()", "context.read<NotesProvider>()", "FocusManager.instance.primaryFocus?.unfocus", "ScaffoldMessenger.of(context).showSnackBar"], "published": ["HomeScreen"], "classes": [{"name": "HomeScreen", "description": "A StatelessWidget that displays a list of notes, with options to create, view, delete, and search notes."}], "methods": [{"name": "_openCreate", "description": "Asynchronously navigates to the NoteEditorScreen, then refreshes the notes list."}, {"name": "_openView", "description": "Asynchronously navigates to the NoteViewScreen to view the selected note, then refreshes notes."}], "calls": ["Navigator.of(context).push", "context.read<NotesProvider>().refresh()", "context.watch<NotesProvider>()", "context.read<NotesProvider>()", "FocusManager.instance.primaryFocus?.unfocus", "ScaffoldMessenger.of(context).showSnackBar", "provider.setQuery", "FloatingActionButton.onPressed", "IconButton.onPressed", "ListView.separated.itemBuilder", "NoteCard.onTap", "NoteCard.onDelete"], "search-terms": ["HomeScreen", "notes list", "search filter", "NoteEditorScreen", "NoteViewScreen", "delete note"], "state": 2, "file_id": 49, "knowledge_revision": 108, "git_revision": "", "hash": "9e04c1156537cd8361ea136606de18ed", "format-version": 4, "code-base-name": "notes_frontend", "filename": "notes_frontend/lib/screens/home_screen.dart", "revision_history": [{"108": ""}]}