{"is_source_file": true, "format": "Dart", "description": "Defines the AppDatabase class for managing SQLite database connections using sqflite package, including singleton pattern for database instance initialization, database creation logic, and closing method.", "external_files": ["notes_schema.dart"], "external_methods": ["getDatabasesPath", "openDatabase"], "published": ["AppDatabase"], "classes": [{"name": "AppDatabase", "description": "Provides a singleton interface for database access, creation, and closure using sqflite."}], "methods": [{"name": "instance", "description": "Asynchronously returns the singleton instance of the database, creating it if it doesn't exist."}, {"name": "close", "description": "Closes the database connection and resets singleton reference."}], "calls": ["getDatabasesPath()", "p.join()", "openDatabase()", "db.execute()"], "search-terms": ["AppDatabase", "sqflite", "database singleton", "connectivity", "notes_schema.dart"], "state": 2, "file_id": 21, "knowledge_revision": 53, "git_revision": "", "hash": "c3a3b7526ab3def24c495f12d0f4d516", "format-version": 4, "code-base-name": "notes_frontend", "filename": "notes_frontend/lib/data/db/app_database.dart", "revision_history": [{"53": ""}]}