{"is_source_file": true, "format": "Dart", "description": "This file defines the NoteEditorScreen widget for editing or creating notes in a Flutter application. It manages user input for note title and content, interacts with a NotesProvider for persistence, and handles navigation upon save.", "external_files": ["../models/note.dart", "../providers/notes_provider.dart"], "external_methods": ["NotesProvider.create", "NotesProvider.update"], "published": ["NoteEditorResult", "NoteEditorScreen"], "classes": [{"name": "NoteEditorResult", "description": "A simple data class that encapsulates the result of editing a note, primarily its saved note ID."}, {"name": "NoteEditorScreen", "description": "A StatefulWidget that provides a UI to create or edit a note, with save and validation logic."}], "methods": [{"name": "initState", "description": "Initializes the text controllers with existing note data if available."}, {"name": "dispose", "description": "Disposes of the text controllers to free resources."}, {"name": "_save", "description": "Handles saving the note by interacting with the NotesProvider, manages saving state, and sets flags for navigation."}, {"name": "build", "description": "Builds the widget tree for the note editor UI, handling navigation after save."}], "calls": ["context.read<NotesProvider>()", "provider.create", "provider.update", "Navigator.of(context).pop"], "search-terms": ["note editing", "Flutter note editor", "NotesProvider", "NoteEditorScreen", "note creation"], "state": 2, "file_id": 50, "knowledge_revision": 109, "git_revision": "", "hash": "3ab73c6a94c0beaccddee81e9da0e6f4", "format-version": 4, "code-base-name": "notes_frontend", "filename": "notes_frontend/lib/screens/note_editor_screen.dart", "revision_history": [{"109": ""}]}