{"is_source_file": true, "format": "Dart", "description": "This file defines the AppTheme class which specifies the theme styling for a Flutter application, including color schemes, app bar styles, card styles, floating action button styles, input decoration styles, and snackbar styles.", "external_files": ["package:flutter/material.dart"], "external_methods": ["Colors.white", "Typography.material2021()", "base.textTheme.titleLarge?.copyWith", "text.withAlpha", "base.textTheme.bodyMedium?.copyWith"], "published": ["AppTheme"], "classes": [{"name": "AppTheme", "description": "A utility class providing theme data for a Flutter application, with a private constructor to prevent instantiation and static methods for theme configuration."}], "methods": [{"name": "AppTheme._", "description": "Private constructor to prevent instantiation of the AppTheme class."}, {"name": "light", "description": "A static method returning a ThemeData object configured for a light theme with specific color schemes, app bar, card, FAB, input, and snackbar styles."}], "calls": ["ColorScheme", "ThemeData", "Typography.material2021", "base.textTheme.titleLarge?.copyWith", "text.withAlpha", "base.textTheme.bodyMedium?.copyWith", "base.copyWith", "AppBarTheme", "CardTheme", "RoundedRectangleBorder", "BorderRadius.circular", "FloatingActionButtonThemeData", "InputDecorationTheme", "OutlineInputBorder", "BorderSide", "EdgeInsets.symmetric", "SnackBarThemeData"], "search-terms": ["AppTheme", "Flutter theme styling", "ColorScheme", "inputDecorationTheme", "snackBarTheme", "material3", "Color constants"], "state": 2, "file_id": 24, "knowledge_revision": 56, "git_revision": "", "hash": "10e29fea66fcf8238d3f0c754808c428", "format-version": 4, "code-base-name": "notes_frontend", "filename": "notes_frontend/lib/theme/app_theme.dart", "revision_history": [{"56": ""}]}