{"is_source_file": true, "format": "Dart", "description": "This file defines a Flutter widget called 'EmptyState' which displays a centered icon, title, and subtitle, styled according to a custom theme.", "external_files": ["../theme/app_theme.dart"], "external_methods": ["Theme.of()", "ThemeData.textTheme", "TextStyle.copyWith()"], "published": ["EmptyState"], "classes": [{"name": "EmptyState", "description": "A stateless widget representing an empty state with an icon, title, and subtitle for UI purposes."}], "methods": [{"name": "build", "description": "Builds the widget tree for the EmptyState widget, displaying an icon, title, and subtitle centered on the screen."}], "calls": ["Center()", "Padding()", "Column()", "Container()", "BoxDecoration()", "Icon()", "SizedBox()", "Text()", "Theme.of()"], "search-terms": ["EmptyState", "Flutter widget", "StatelessWidget", "empty UI state", "custom theme"], "state": 2, "file_id": 53, "knowledge_revision": 112, "git_revision": "", "hash": "86e525159f2314aee601355711c8eae5", "format-version": 4, "code-base-name": "notes_frontend", "filename": "notes_frontend/lib/widgets/empty_state.dart", "revision_history": [{"112": ""}]}