{"is_source_file": false, "format": "", "description": "", "external_files": [], "external_methods": [], "published": [], "classes": [], "methods": [], "calls": [], "search-terms": ["note-organizer-9603-9612"], "state": 2, "file_id": 18, "knowledge_revision": 35, "git_revision": "0501b4834ad7533c018de1354464ed75d70f258a", "hash": "2a83a0f49cc0e08d5cb4b602acb36c4a", "format-version": 4, "code-base-name": "notes_frontend", "filename": "README.md", "revision_history": [{"35": "0501b4834ad7533c018de1354464ed75d70f258a"}]}